-- phpMyAdmin SQL Dump
-- version 5.2.1
-- https://www.phpmyadmin.net/
--
-- Host: 127.0.0.1
-- Generation Time: Mar 25, 2025 at 07:29 AM
-- Server version: 10.4.32-MariaDB
-- PHP Version: 8.2.12

SET SQL_MODE = "NO_AUTO_VALUE_ON_ZERO";
START TRANSACTION;
SET time_zone = "+00:00";


/*!40101 SET @OLD_CHARACTER_SET_CLIENT=@@CHARACTER_SET_CLIENT */;
/*!40101 SET @OLD_CHARACTER_SET_RESULTS=@@CHARACTER_SET_RESULTS */;
/*!40101 SET @OLD_COLLATION_CONNECTION=@@COLLATION_CONNECTION */;
/*!40101 SET NAMES utf8mb4 */;

--
-- Database: `wialon`
--

-- --------------------------------------------------------

--
-- Table structure for table `buses`
--

CREATE TABLE `buses` (
  `id` bigint(20) UNSIGNED NOT NULL,
  `bus_wialon_id` bigint(20) UNSIGNED NOT NULL,
  `bus_number` varchar(255) NOT NULL,
  `created_at` timestamp NULL DEFAULT NULL,
  `updated_at` timestamp NULL DEFAULT NULL
) ENGINE=InnoDB DEFAULT CHARSET=utf8mb4 COLLATE=utf8mb4_unicode_ci;

--
-- Dumping data for table `buses`
--

INSERT INTO `buses` (`id`, `bus_wialon_id`, `bus_number`, `created_at`, `updated_at`) VALUES
(1, 600772961, '90 864 NBA', '2025-03-17 03:06:18', '2025-03-17 03:06:18'),
(2, 600772984, '90 581 OBA', '2025-03-17 03:06:18', '2025-03-17 03:06:18'),
(3, 600772989, '90 917 NBA', '2025-03-17 03:06:18', '2025-03-17 03:06:18'),
(4, 600772991, '90 614 OBA', '2025-03-17 03:06:18', '2025-03-17 03:06:18'),
(5, 600772992, '90 968  NBA', '2025-03-17 03:06:18', '2025-03-17 03:06:18'),
(6, 600772999, '90 521 OBA', '2025-03-17 03:06:18', '2025-03-17 03:06:18'),
(7, 600773001, '90 937 NBA', '2025-03-17 03:06:18', '2025-03-17 03:06:18'),
(8, 600773002, '90 583 OBA', '2025-03-17 03:06:18', '2025-03-17 03:06:18'),
(9, 600773003, '90 603 OBA', '2025-03-17 03:06:18', '2025-03-17 03:06:18'),
(10, 600773012, '90 618 OBA', '2025-03-17 03:06:18', '2025-03-17 03:06:18'),
(11, 600773013, '90 974 NBA', '2025-03-17 03:06:18', '2025-03-17 03:06:18'),
(12, 600773016, '90 584 OBA', '2025-03-17 03:06:18', '2025-03-17 03:06:18'),
(13, 600773019, '90 541 OBA', '2025-03-17 03:06:18', '2025-03-17 03:06:18'),
(14, 600773021, '90 946 NBA', '2025-03-17 03:06:18', '2025-03-17 03:06:18'),
(15, 600773024, '90 620 OBA', '2025-03-17 03:06:18', '2025-03-17 03:06:18'),
(16, 600773026, '90 605 OBA', '2025-03-17 03:06:18', '2025-03-17 03:06:18'),
(17, 600773027, '90 531 OBA', '2025-03-17 03:06:18', '2025-03-17 03:06:18'),
(18, 600773028, '90 915 NBA', '2025-03-17 03:06:18', '2025-03-17 03:06:18'),
(19, 600773029, '90 578 OBA', '2025-03-17 03:06:18', '2025-03-17 03:06:18'),
(20, 600773031, '90 619 OBA', '2025-03-17 03:06:18', '2025-03-17 03:06:18'),
(21, 600773035, '90 612 OBA', '2025-03-17 03:06:18', '2025-03-17 03:06:18'),
(22, 600773037, '90 942 NBA', '2025-03-17 03:06:18', '2025-03-17 03:06:18'),
(23, 600773038, '90 628 OBA', '2025-03-17 03:06:18', '2025-03-17 03:06:18'),
(24, 600773041, '90 653 OBA', '2025-03-17 03:06:18', '2025-03-17 03:06:18'),
(25, 600773042, '90 579 OBA', '2025-03-17 03:06:18', '2025-03-17 03:06:18'),
(26, 600773043, '90 648 OBA', '2025-03-17 03:06:18', '2025-03-17 03:06:18'),
(27, 600773047, '90 560 OBA', '2025-03-17 03:06:18', '2025-03-17 03:06:18'),
(28, 600773048, '90 975 NBA', '2025-03-17 03:06:18', '2025-03-17 03:06:18'),
(29, 600773049, '90 731 OBA', '2025-03-17 03:06:18', '2025-03-17 03:06:18'),
(30, 600773050, '90 694 OBA', '2025-03-17 03:06:18', '2025-03-17 03:06:18'),
(31, 600773051, '90 672 OBA', '2025-03-17 03:06:18', '2025-03-17 03:06:18'),
(32, 600773052, '90 675 OBA', '2025-03-17 03:06:18', '2025-03-17 03:06:18'),
(33, 600773053, '90 819 NBA', '2025-03-17 03:06:18', '2025-03-17 03:06:18'),
(34, 600773054, '90 682 OBA', '2025-03-17 03:06:18', '2025-03-17 03:06:18'),
(35, 600773055, '90 641 OBA', '2025-03-17 03:06:18', '2025-03-17 03:06:18'),
(36, 600773056, '90 638 OBA', '2025-03-17 03:06:18', '2025-03-17 03:06:18'),
(37, 600773057, '90 651 OBA', '2025-03-17 03:06:18', '2025-03-17 03:06:18'),
(38, 600773058, '90 654 OBA', '2025-03-17 03:06:18', '2025-03-17 03:06:18'),
(39, 600773059, '90 647 OBA', '2025-03-17 03:06:18', '2025-03-17 03:06:18'),
(40, 600773060, '90 743 OBA', '2025-03-17 03:06:18', '2025-03-17 03:06:18'),
(41, 600773061, '90 853 NBA', '2025-03-17 03:06:18', '2025-03-17 03:06:18'),
(42, 600773062, '90 671 OBA', '2025-03-17 03:06:18', '2025-03-17 03:06:18'),
(43, 600773063, '90 627 OBA', '2025-03-17 03:06:18', '2025-03-17 03:06:18'),
(44, 600773065, '90 736 OBA', '2025-03-17 03:06:18', '2025-03-17 03:06:18'),
(45, 600773066, '90 658 OBA', '2025-03-17 03:06:18', '2025-03-17 03:06:18'),
(46, 600773068, '90 642 OBA', '2025-03-17 03:06:18', '2025-03-17 03:06:18'),
(47, 600773069, '90 631 OBA', '2025-03-17 03:06:18', '2025-03-17 03:06:18'),
(48, 600776156, '90 589 OBA', '2025-03-17 03:06:18', '2025-03-17 03:06:18'),
(49, 600792607, '90 657 OBA', '2025-03-17 03:06:18', '2025-03-17 03:06:18'),
(50, 600805052, '90 519 OBA', '2025-03-17 03:06:18', '2025-03-17 03:06:18');

-- --------------------------------------------------------

--
-- Table structure for table `buses_roads`
--

CREATE TABLE `buses_roads` (
  `id` bigint(20) UNSIGNED NOT NULL,
  `bus_id` bigint(20) UNSIGNED NOT NULL,
  `road_id` bigint(20) UNSIGNED NOT NULL,
  `created_at` timestamp NULL DEFAULT NULL,
  `updated_at` timestamp NULL DEFAULT NULL
) ENGINE=InnoDB DEFAULT CHARSET=utf8mb4 COLLATE=utf8mb4_unicode_ci;

--
-- Dumping data for table `buses_roads`
--

INSERT INTO `buses_roads` (`id`, `bus_id`, `road_id`, `created_at`, `updated_at`) VALUES
(1, 16, 1, NULL, NULL),
(2, 4, 1, NULL, NULL),
(3, 15, 1, NULL, NULL),
(4, 43, 1, NULL, NULL),
(5, 23, 1, NULL, NULL),
(6, 36, 1, NULL, NULL),
(7, 46, 1, NULL, NULL),
(8, 39, 1, NULL, NULL),
(9, 24, 1, NULL, NULL),
(10, 38, 1, NULL, NULL),
(11, 49, 1, NULL, NULL),
(12, 10, 1, NULL, NULL),
(13, 20, 1, NULL, NULL),
(14, 35, 1, NULL, NULL),
(15, 26, 1, NULL, NULL),
(16, 37, 1, NULL, NULL),
(17, 45, 1, NULL, NULL),
(18, 50, 2, NULL, NULL),
(19, 6, 2, NULL, NULL),
(20, 17, 2, NULL, NULL),
(21, 13, 2, NULL, NULL),
(22, 27, 2, NULL, NULL),
(23, 19, 2, NULL, NULL),
(24, 25, 2, NULL, NULL),
(25, 29, 2, NULL, NULL);

-- --------------------------------------------------------

--
-- Table structure for table `bus_points_histories`
--

CREATE TABLE `bus_points_histories` (
  `id` bigint(20) UNSIGNED NOT NULL,
  `bus_id` bigint(20) UNSIGNED NOT NULL,
  `latitude` decimal(10,7) NOT NULL,
  `longitude` decimal(10,7) NOT NULL,
  `status` tinyint(1) NOT NULL DEFAULT 1,
  `created_at` timestamp NULL DEFAULT NULL,
  `updated_at` timestamp NULL DEFAULT NULL
) ENGINE=InnoDB DEFAULT CHARSET=utf8mb4 COLLATE=utf8mb4_unicode_ci;

--
-- Dumping data for table `bus_points_histories`
--

INSERT INTO `bus_points_histories` (`id`, `bus_id`, `latitude`, `longitude`, `status`, `created_at`, `updated_at`) VALUES
(1637, 4, 41.5609933, 60.6061000, 1, '2025-03-25 06:28:43', '2025-03-25 06:28:43'),
(1638, 6, 41.5881533, 60.5791799, 1, '2025-03-25 06:28:43', '2025-03-25 06:28:43'),
(1639, 10, 41.5472950, 60.6028000, 1, '2025-03-25 06:28:43', '2025-03-25 06:28:43'),
(1640, 13, 41.5577216, 60.6209350, 1, '2025-03-25 06:28:43', '2025-03-25 06:28:43'),
(1641, 15, 41.5525566, 60.6646050, 1, '2025-03-25 06:28:43', '2025-03-25 06:28:43'),
(1642, 16, 41.5525533, 60.6649183, 1, '2025-03-25 06:28:43', '2025-03-25 06:28:43'),
(1643, 17, 41.5383033, 60.6530016, 1, '2025-03-25 06:28:43', '2025-03-25 06:28:43'),
(1644, 19, 41.5849600, 60.6022816, 1, '2025-03-25 06:28:43', '2025-03-25 06:28:43'),
(1645, 20, 41.5379699, 60.6525599, 1, '2025-03-25 06:28:43', '2025-03-25 06:28:43'),
(1646, 23, 41.5472966, 60.6026766, 1, '2025-03-25 06:28:43', '2025-03-25 06:28:43'),
(1647, 24, 41.5472916, 60.6030566, 1, '2025-03-25 06:28:43', '2025-03-25 06:28:43'),
(1648, 25, 41.5845816, 60.5780866, 1, '2025-03-25 06:28:43', '2025-03-25 06:28:43'),
(1649, 26, 41.5470316, 60.6078850, 1, '2025-03-25 06:28:43', '2025-03-25 06:28:43'),
(1650, 27, 41.5669166, 60.6241649, 1, '2025-03-25 06:28:43', '2025-03-25 06:28:43'),
(1651, 29, 41.5655349, 60.6178549, 1, '2025-03-25 06:28:43', '2025-03-25 06:28:43'),
(1652, 35, 41.5624183, 60.6112033, 1, '2025-03-25 06:28:43', '2025-03-25 06:28:43'),
(1653, 36, 41.5525299, 60.6643083, 1, '2025-03-25 06:28:43', '2025-03-25 06:28:43'),
(1654, 37, 41.5573416, 60.6323716, 1, '2025-03-25 06:28:43', '2025-03-25 06:28:43'),
(1655, 38, 41.5473516, 60.6029949, 1, '2025-03-25 06:28:43', '2025-03-25 06:28:43'),
(1656, 39, 41.5472883, 60.6027316, 1, '2025-03-25 06:28:43', '2025-03-25 06:28:43'),
(1657, 43, 41.5516050, 60.6182100, 1, '2025-03-25 06:28:43', '2025-03-25 06:28:43'),
(1658, 45, 41.5612766, 60.6513216, 1, '2025-03-25 06:28:43', '2025-03-25 06:28:43'),
(1659, 46, 41.5525716, 60.6648050, 1, '2025-03-25 06:28:43', '2025-03-25 06:28:43'),
(1660, 49, 41.5378983, 60.6527016, 1, '2025-03-25 06:28:43', '2025-03-25 06:28:43'),
(1661, 50, 41.5546916, 60.6223650, 1, '2025-03-25 06:28:43', '2025-03-25 06:28:43'),
(1662, 35, 41.5619516, 60.6123399, 1, '2025-03-25 06:28:49', '2025-03-25 06:28:49'),
(1663, 43, 41.5527416, 60.6192533, 1, '2025-03-25 06:28:49', '2025-03-25 06:28:49'),
(1664, 25, 41.5853183, 60.5781933, 1, '2025-03-25 06:28:55', '2025-03-25 06:28:55'),
(1665, 27, 41.5673733, 60.6231516, 1, '2025-03-25 06:28:55', '2025-03-25 06:28:55'),
(1666, 26, 41.5476016, 60.6076766, 1, '2025-03-25 06:29:01', '2025-03-25 06:29:01'),
(1667, 35, 41.5614699, 60.6136783, 1, '2025-03-25 06:29:01', '2025-03-25 06:29:01'),
(1668, 25, 41.5864999, 60.5786416, 1, '2025-03-25 06:29:10', '2025-03-25 06:29:10'),
(1669, 29, 41.5660916, 60.6182583, 1, '2025-03-25 06:29:10', '2025-03-25 06:29:10'),
(1670, 45, 41.5620249, 60.6506666, 1, '2025-03-25 06:29:10', '2025-03-25 06:29:10'),
(1671, 4, 41.5612050, 60.6053316, 1, '2025-03-25 06:29:15', '2025-03-25 06:29:15'),
(1672, 4, 41.5613483, 60.6047466, 1, '2025-03-25 06:29:21', '2025-03-25 06:29:21'),
(1673, 27, 41.5676650, 60.6223950, 1, '2025-03-25 06:29:21', '2025-03-25 06:29:21'),
(1674, 37, 41.5572933, 60.6317300, 1, '2025-03-25 06:29:21', '2025-03-25 06:29:21');

-- --------------------------------------------------------

--
-- Table structure for table `bus_stops`
--

CREATE TABLE `bus_stops` (
  `id` bigint(20) UNSIGNED NOT NULL,
  `latitude` decimal(10,7) NOT NULL,
  `longitude` decimal(10,7) NOT NULL,
  `created_at` timestamp NULL DEFAULT NULL,
  `updated_at` timestamp NULL DEFAULT NULL
) ENGINE=InnoDB DEFAULT CHARSET=utf8mb4 COLLATE=utf8mb4_unicode_ci;

--
-- Dumping data for table `bus_stops`
--

INSERT INTO `bus_stops` (`id`, `latitude`, `longitude`, `created_at`, `updated_at`) VALUES
(20, 41.5547220, 60.6220392, '2025-03-17 16:29:47', '2025-03-17 17:21:49'),
(21, 41.5574495, 60.6209210, '2025-03-17 16:29:47', '2025-03-17 17:21:49'),
(22, 41.5585161, 60.6216376, '2025-03-17 16:29:47', '2025-03-17 17:21:49'),
(23, 41.5604941, 60.6234828, '2025-03-17 16:29:47', '2025-03-17 17:21:49'),
(24, 41.5612602, 60.6242071, '2025-03-17 16:29:47', '2025-03-17 17:21:49'),
(25, 41.5686737, 60.6200431, '2025-03-17 16:29:47', '2025-03-17 17:21:49'),
(26, 41.5657450, 60.6174200, '2025-03-17 16:29:47', '2025-03-17 17:21:49'),
(27, 41.5695272, 60.6140063, '2025-03-17 16:29:47', '2025-03-17 17:21:49'),
(28, 41.5720767, 60.6116591, '2025-03-17 16:29:47', '2025-03-17 17:21:49'),
(29, 41.5752681, 60.6089110, '2025-03-17 16:29:47', '2025-03-17 17:21:49'),
(30, 41.5775512, 60.6071841, '2025-03-17 16:29:47', '2025-03-17 17:21:49'),
(31, 41.5797905, 60.6057751, '2025-03-17 16:29:47', '2025-03-17 17:21:49'),
(32, 41.5826894, 60.6041128, '2025-03-17 16:29:47', '2025-03-17 17:21:49'),
(33, 41.5895901, 60.5996055, '2025-03-17 16:29:47', '2025-03-17 17:21:49'),
(34, 41.5857941, 60.5890536, '2025-03-17 16:29:47', '2025-03-17 17:21:49'),
(35, 41.5849611, 60.5834373, '2025-03-17 16:29:47', '2025-03-17 17:21:49'),
(36, 41.5841809, 60.5785122, '2025-03-17 16:29:47', '2025-03-17 17:21:49'),
(37, 41.5883125, 60.5796683, '2025-03-17 16:29:47', '2025-03-17 17:21:49'),
(38, 41.5826365, 60.5958939, '2025-03-17 16:29:47', '2025-03-17 17:21:49'),
(39, 41.5847085, 60.6027740, '2025-03-17 16:29:47', '2025-03-17 17:21:49'),
(40, 41.5831892, 60.6036319, '2025-03-17 16:29:47', '2025-03-17 17:21:49'),
(41, 41.5800539, 60.6054168, '2025-03-17 16:29:47', '2025-03-17 17:21:49'),
(42, 41.5776594, 60.6068900, '2025-03-17 16:29:47', '2025-03-17 17:21:49'),
(43, 41.5748989, 60.6090025, '2025-03-17 16:29:47', '2025-03-17 17:21:49'),
(44, 41.5722481, 60.6112786, '2025-03-17 16:29:47', '2025-03-17 17:21:49'),
(45, 41.5701447, 60.6132206, '2025-03-17 16:29:47', '2025-03-17 17:21:49'),
(46, 41.5671216, 60.6159495, '2025-03-17 16:29:47', '2025-03-17 17:21:49'),
(47, 41.5657279, 60.6172429, '2025-03-17 16:29:47', '2025-03-17 17:21:49'),
(51, 41.5614633, 60.6240437, '2025-03-17 16:29:47', '2025-03-17 17:21:49'),
(52, 41.5603774, 60.6229842, '2025-03-17 16:29:47', '2025-03-17 17:21:49'),
(53, 41.5585769, 60.6213151, '2025-03-17 16:29:47', '2025-03-17 17:21:49'),
(54, 41.5578193, 60.6207217, '2025-03-17 16:29:47', '2025-03-17 17:21:49'),
(55, 41.5566407, 60.6212393, '2025-03-17 16:29:47', '2025-03-17 17:21:49'),
(56, 41.5472274, 60.6023664, '2025-03-17 16:40:52', '2025-03-17 17:21:49'),
(57, 41.5471368, 60.6030504, '2025-03-17 16:40:52', '2025-03-17 17:21:49'),
(58, 41.5508262, 60.6062152, '2025-03-17 16:40:52', '2025-03-17 17:21:49'),
(59, 41.5545965, 60.6044885, '2025-03-17 16:40:52', '2025-03-17 17:21:49'),
(60, 41.5569071, 60.6049823, '2025-03-17 16:40:52', '2025-03-17 17:21:49'),
(61, 41.5615682, 60.6038885, '2025-03-17 16:40:52', '2025-03-17 17:21:49'),
(62, 41.5622444, 60.6029905, '2025-03-17 16:40:52', '2025-03-17 17:21:49'),
(63, 41.5651907, 60.6066012, '2025-03-17 16:40:52', '2025-03-17 17:21:49'),
(64, 41.5629048, 60.6101231, '2025-03-17 16:40:52', '2025-03-17 17:21:49'),
(65, 41.5615986, 60.6149209, '2025-03-17 16:40:52', '2025-03-17 17:21:49'),
(66, 41.5635147, 60.6163311, '2025-03-17 16:40:52', '2025-03-17 17:21:49'),
(67, 41.5649222, 60.6181151, '2025-03-17 16:40:52', '2025-03-17 17:21:49'),
(68, 41.5641032, 60.6198217, '2025-03-17 16:40:52', '2025-03-17 17:21:49'),
(69, 41.5621488, 60.6238696, '2025-03-17 16:40:52', '2025-03-17 17:21:49'),
(70, 41.5567590, 60.6203241, '2025-03-17 16:40:52', '2025-03-17 17:21:49'),
(71, 41.5528220, 60.6190136, '2025-03-17 16:40:52', '2025-03-17 17:21:49'),
(72, 41.5505553, 60.6206417, '2025-03-17 16:40:52', '2025-03-17 17:21:49'),
(73, 41.5513089, 60.6244504, '2025-03-17 16:40:52', '2025-03-17 17:21:49'),
(74, 41.5510147, 60.6260060, '2025-03-17 16:40:52', '2025-03-17 17:21:49'),
(75, 41.5494889, 60.6260298, '2025-03-17 16:40:52', '2025-03-17 17:21:49'),
(76, 41.5481147, 60.6272475, '2025-03-17 16:40:52', '2025-03-17 17:21:49'),
(77, 41.5475505, 60.6309328, '2025-03-17 16:40:52', '2025-03-17 17:21:49'),
(78, 41.5475586, 60.6325743, '2025-03-17 16:40:52', '2025-03-17 17:21:49'),
(79, 41.5495050, 60.6367425, '2025-03-17 16:40:52', '2025-03-17 17:21:49'),
(80, 41.5520679, 60.6360398, '2025-03-17 16:40:52', '2025-03-17 17:21:49'),
(81, 41.5520236, 60.6332449, '2025-03-17 16:40:52', '2025-03-17 17:21:49'),
(82, 41.5552649, 60.6314371, '2025-03-17 16:40:52', '2025-03-17 17:21:49'),
(83, 41.5571788, 60.6318983, '2025-03-17 16:40:52', '2025-03-17 17:21:49'),
(84, 41.5574729, 60.6335076, '2025-03-17 16:40:52', '2025-03-17 17:21:49'),
(85, 41.5572473, 60.6383678, '2025-03-17 16:40:52', '2025-03-17 17:21:49'),
(86, 41.5590497, 60.6419000, '2025-03-17 16:40:52', '2025-03-17 17:21:49'),
(87, 41.5611178, 60.6459952, '2025-03-17 16:40:52', '2025-03-17 17:21:49'),
(88, 41.5627749, 60.6496695, '2025-03-17 16:40:52', '2025-03-17 17:21:49'),
(89, 41.5585748, 60.6536958, '2025-03-17 16:40:52', '2025-03-17 17:21:49'),
(90, 41.5526247, 60.6644711, '2025-03-17 16:40:52', '2025-03-17 17:21:49'),
(91, 41.5528181, 60.6595519, '2025-03-17 16:40:52', '2025-03-17 17:21:49'),
(92, 41.5583167, 60.6544675, '2025-03-17 16:40:52', '2025-03-17 17:21:49'),
(93, 41.5626223, 60.6500987, '2025-03-17 16:40:52', '2025-03-17 17:21:49'),
(94, 41.5610636, 60.6454711, '2025-03-17 16:40:52', '2025-03-17 17:21:49'),
(95, 41.5592908, 60.6419627, '2025-03-17 16:40:52', '2025-03-17 17:21:49'),
(96, 41.5579128, 60.6374620, '2025-03-17 16:40:52', '2025-03-17 17:21:49'),
(97, 41.5574051, 60.6323980, '2025-03-17 16:40:52', '2025-03-17 17:21:49'),
(98, 41.5564175, 60.6310499, '2025-03-17 16:40:52', '2025-03-17 17:21:49'),
(99, 41.5518999, 60.6300995, '2025-03-17 16:40:52', '2025-03-17 17:21:49'),
(100, 41.5517790, 60.6255022, '2025-03-17 16:40:52', '2025-03-17 17:21:49'),
(101, 41.5508320, 60.6195852, '2025-03-17 16:40:52', '2025-03-17 17:21:49'),
(102, 41.5527898, 60.6193867, '2025-03-17 16:40:52', '2025-03-17 17:21:49'),
(103, 41.5561884, 60.6205333, '2025-03-17 16:40:52', '2025-03-17 17:21:49'),
(105, 41.5624080, 60.6240504, '2025-03-17 16:40:52', '2025-03-17 17:21:49'),
(106, 41.5632299, 60.6223123, '2025-03-17 16:40:52', '2025-03-17 17:21:49'),
(107, 41.5651263, 60.6182752, '2025-03-17 16:40:52', '2025-03-17 17:21:49'),
(108, 41.5630676, 60.6157218, '2025-03-17 16:40:53', '2025-03-17 17:21:49'),
(109, 41.5616010, 60.6146596, '2025-03-17 16:40:53', '2025-03-17 17:21:49'),
(110, 41.5628823, 60.6105129, '2025-03-17 16:40:53', '2025-03-17 17:21:49'),
(111, 41.5651152, 60.6060607, '2025-03-17 16:40:53', '2025-03-17 17:21:49'),
(112, 41.5616641, 60.6028389, '2025-03-17 16:40:53', '2025-03-17 17:21:49'),
(113, 41.5566325, 60.6044104, '2025-03-17 16:40:53', '2025-03-17 17:21:49'),
(114, 41.5543053, 60.6042401, '2025-03-17 16:40:53', '2025-03-17 17:21:49'),
(115, 41.5510091, 60.6058011, '2025-03-17 16:40:53', '2025-03-17 17:21:49'),
(116, 41.5472458, 60.6043903, '2025-03-17 16:40:53', '2025-03-17 17:21:49');

-- --------------------------------------------------------

--
-- Table structure for table `cache`
--

CREATE TABLE `cache` (
  `key` varchar(255) NOT NULL,
  `value` mediumtext NOT NULL,
  `expiration` int(11) NOT NULL
) ENGINE=InnoDB DEFAULT CHARSET=utf8mb4 COLLATE=utf8mb4_unicode_ci;

-- --------------------------------------------------------

--
-- Table structure for table `cache_locks`
--

CREATE TABLE `cache_locks` (
  `key` varchar(255) NOT NULL,
  `owner` varchar(255) NOT NULL,
  `expiration` int(11) NOT NULL
) ENGINE=InnoDB DEFAULT CHARSET=utf8mb4 COLLATE=utf8mb4_unicode_ci;

-- --------------------------------------------------------

--
-- Table structure for table `failed_jobs`
--

CREATE TABLE `failed_jobs` (
  `id` bigint(20) UNSIGNED NOT NULL,
  `uuid` varchar(255) NOT NULL,
  `connection` text NOT NULL,
  `queue` text NOT NULL,
  `payload` longtext NOT NULL,
  `exception` longtext NOT NULL,
  `failed_at` timestamp NOT NULL DEFAULT current_timestamp()
) ENGINE=InnoDB DEFAULT CHARSET=utf8mb4 COLLATE=utf8mb4_unicode_ci;

-- --------------------------------------------------------

--
-- Table structure for table `jobs`
--

CREATE TABLE `jobs` (
  `id` bigint(20) UNSIGNED NOT NULL,
  `queue` varchar(255) NOT NULL,
  `payload` longtext NOT NULL,
  `attempts` tinyint(3) UNSIGNED NOT NULL,
  `reserved_at` int(10) UNSIGNED DEFAULT NULL,
  `available_at` int(10) UNSIGNED NOT NULL,
  `created_at` int(10) UNSIGNED NOT NULL
) ENGINE=InnoDB DEFAULT CHARSET=utf8mb4 COLLATE=utf8mb4_unicode_ci;

-- --------------------------------------------------------

--
-- Table structure for table `job_batches`
--

CREATE TABLE `job_batches` (
  `id` varchar(255) NOT NULL,
  `name` varchar(255) NOT NULL,
  `total_jobs` int(11) NOT NULL,
  `pending_jobs` int(11) NOT NULL,
  `failed_jobs` int(11) NOT NULL,
  `failed_job_ids` longtext NOT NULL,
  `options` mediumtext DEFAULT NULL,
  `cancelled_at` int(11) DEFAULT NULL,
  `created_at` int(11) NOT NULL,
  `finished_at` int(11) DEFAULT NULL
) ENGINE=InnoDB DEFAULT CHARSET=utf8mb4 COLLATE=utf8mb4_unicode_ci;

-- --------------------------------------------------------

--
-- Table structure for table `migrations`
--

CREATE TABLE `migrations` (
  `id` int(10) UNSIGNED NOT NULL,
  `migration` varchar(255) NOT NULL,
  `batch` int(11) NOT NULL
) ENGINE=InnoDB DEFAULT CHARSET=utf8mb4 COLLATE=utf8mb4_unicode_ci;

--
-- Dumping data for table `migrations`
--

INSERT INTO `migrations` (`id`, `migration`, `batch`) VALUES
(1, '0001_01_01_000000_create_users_table', 1),
(2, '0001_01_01_000001_create_cache_table', 1),
(3, '0001_01_01_000002_create_jobs_table', 1),
(4, '2025_03_14_072802_create_buses_table', 1),
(5, '2025_03_14_072815_create_roads_table', 1),
(6, '2025_03_14_072845_create_buses_roads_table', 1),
(7, '2025_03_16_190801_create_road_points_table', 1),
(8, '2025_03_17_202256_create_bus_stops_table', 2),
(9, '2025_03_22_215454_create_road_busstops_table', 3),
(15, '2025_03_24_010410_create_bus_points_histories_table', 4);

-- --------------------------------------------------------

--
-- Table structure for table `password_reset_tokens`
--

CREATE TABLE `password_reset_tokens` (
  `email` varchar(255) NOT NULL,
  `token` varchar(255) NOT NULL,
  `created_at` timestamp NULL DEFAULT NULL
) ENGINE=InnoDB DEFAULT CHARSET=utf8mb4 COLLATE=utf8mb4_unicode_ci;

-- --------------------------------------------------------

--
-- Table structure for table `roads`
--

CREATE TABLE `roads` (
  `id` bigint(20) UNSIGNED NOT NULL,
  `road_number` varchar(255) NOT NULL,
  `created_at` timestamp NULL DEFAULT NULL,
  `updated_at` timestamp NULL DEFAULT NULL
) ENGINE=InnoDB DEFAULT CHARSET=utf8mb4 COLLATE=utf8mb4_unicode_ci;

--
-- Dumping data for table `roads`
--

INSERT INTO `roads` (`id`, `road_number`, `created_at`, `updated_at`) VALUES
(1, '7', NULL, NULL),
(2, '18', NULL, NULL);

-- --------------------------------------------------------

--
-- Table structure for table `road_busstops`
--

CREATE TABLE `road_busstops` (
  `id` bigint(20) UNSIGNED NOT NULL,
  `road_id` bigint(20) UNSIGNED NOT NULL,
  `bus_stop_id` bigint(20) UNSIGNED NOT NULL,
  `created_at` timestamp NULL DEFAULT NULL,
  `updated_at` timestamp NULL DEFAULT NULL,
  `status` tinyint(1) NOT NULL DEFAULT 1
) ENGINE=InnoDB DEFAULT CHARSET=utf8mb4 COLLATE=utf8mb4_unicode_ci;

--
-- Dumping data for table `road_busstops`
--

INSERT INTO `road_busstops` (`id`, `road_id`, `bus_stop_id`, `created_at`, `updated_at`, `status`) VALUES
(1, 2, 20, '2025-03-22 17:43:36', '2025-03-22 17:43:36', 1),
(2, 2, 21, '2025-03-22 17:43:36', '2025-03-22 17:43:36', 1),
(3, 2, 22, '2025-03-22 17:43:36', '2025-03-22 17:43:36', 1),
(4, 2, 23, '2025-03-22 17:43:36', '2025-03-22 17:43:36', 1),
(5, 2, 24, '2025-03-22 17:43:36', '2025-03-22 17:43:36', 1),
(6, 2, 25, '2025-03-22 17:43:36', '2025-03-22 17:43:36', 1),
(7, 2, 26, '2025-03-22 17:43:36', '2025-03-22 17:43:36', 1),
(8, 2, 27, '2025-03-22 17:43:36', '2025-03-22 17:43:36', 1),
(9, 2, 28, '2025-03-22 17:43:36', '2025-03-22 17:43:36', 1),
(10, 2, 29, '2025-03-22 17:43:36', '2025-03-22 17:43:36', 1),
(11, 2, 30, '2025-03-22 17:43:36', '2025-03-22 17:43:36', 1),
(12, 2, 31, '2025-03-22 17:43:36', '2025-03-22 17:43:36', 1),
(13, 2, 32, '2025-03-22 17:43:36', '2025-03-22 17:43:36', 1),
(14, 2, 33, '2025-03-22 17:43:36', '2025-03-22 17:43:36', 1),
(15, 2, 34, '2025-03-22 17:43:36', '2025-03-22 17:43:36', 1),
(16, 2, 35, '2025-03-22 17:43:36', '2025-03-22 17:43:36', 1),
(17, 2, 36, '2025-03-22 17:43:36', '2025-03-22 17:43:36', 1),
(18, 2, 37, '2025-03-22 17:43:36', '2025-03-22 17:43:36', 0),
(19, 2, 38, '2025-03-22 17:43:36', '2025-03-22 17:43:36', 0),
(20, 2, 39, '2025-03-22 17:43:36', '2025-03-22 17:43:36', 0),
(21, 2, 40, '2025-03-22 17:43:36', '2025-03-22 17:43:36', 0),
(22, 2, 41, '2025-03-22 17:43:36', '2025-03-22 17:43:36', 0),
(23, 2, 42, '2025-03-22 17:43:36', '2025-03-22 17:43:36', 0),
(24, 2, 43, '2025-03-22 17:43:36', '2025-03-22 17:43:36', 0),
(25, 2, 44, '2025-03-22 17:43:36', '2025-03-22 17:43:36', 0),
(26, 2, 45, '2025-03-22 17:43:36', '2025-03-22 17:43:36', 0),
(27, 2, 46, '2025-03-22 17:43:36', '2025-03-22 17:43:36', 0),
(28, 2, 47, '2025-03-22 17:43:36', '2025-03-22 17:43:36', 0),
(29, 2, 51, '2025-03-22 17:43:36', '2025-03-22 17:43:36', 0),
(30, 2, 52, '2025-03-22 17:43:36', '2025-03-22 17:43:36', 0),
(31, 2, 53, '2025-03-22 17:43:36', '2025-03-22 17:43:36', 0),
(32, 2, 54, '2025-03-22 17:43:36', '2025-03-22 17:43:36', 0),
(33, 2, 55, '2025-03-22 17:43:36', '2025-03-22 17:43:36', 0),
(34, 1, 56, '2025-03-22 18:23:54', '2025-03-22 18:23:54', 1),
(35, 1, 57, '2025-03-22 18:23:54', '2025-03-22 18:23:54', 1),
(36, 1, 58, '2025-03-22 18:23:54', '2025-03-22 18:23:54', 1),
(37, 1, 59, '2025-03-22 18:23:54', '2025-03-22 18:23:54', 1),
(38, 1, 60, '2025-03-22 18:23:54', '2025-03-22 18:23:54', 1),
(39, 1, 61, '2025-03-22 18:23:54', '2025-03-22 18:23:54', 1),
(40, 1, 62, '2025-03-22 18:23:54', '2025-03-22 18:23:54', 1),
(41, 1, 63, '2025-03-22 18:23:54', '2025-03-22 18:23:54', 1),
(42, 1, 64, '2025-03-22 18:23:54', '2025-03-22 18:23:54', 1),
(43, 1, 65, '2025-03-22 18:23:54', '2025-03-22 18:23:54', 1),
(44, 1, 66, '2025-03-22 18:23:54', '2025-03-22 18:23:54', 1),
(45, 1, 67, '2025-03-22 18:23:54', '2025-03-22 18:23:54', 1),
(46, 1, 68, '2025-03-22 18:23:54', '2025-03-22 18:23:54', 1),
(47, 1, 69, '2025-03-22 18:23:54', '2025-03-22 18:23:54', 1),
(48, 1, 51, '2025-03-22 18:23:54', '2025-03-22 18:23:54', 1),
(49, 1, 52, '2025-03-22 18:23:54', '2025-03-22 18:23:54', 1),
(50, 1, 53, '2025-03-22 18:23:54', '2025-03-22 18:23:54', 1),
(51, 1, 54, '2025-03-22 18:23:54', '2025-03-22 18:23:54', 1),
(52, 1, 70, '2025-03-22 18:23:54', '2025-03-22 18:23:54', 1),
(53, 1, 71, '2025-03-22 18:23:54', '2025-03-22 18:23:54', 1),
(54, 1, 72, '2025-03-22 18:23:54', '2025-03-22 18:23:54', 1),
(55, 1, 73, '2025-03-22 18:23:54', '2025-03-22 18:23:54', 1),
(56, 1, 74, '2025-03-22 18:23:54', '2025-03-22 18:23:54', 1),
(57, 1, 75, '2025-03-22 18:23:54', '2025-03-22 18:23:54', 1),
(58, 1, 76, '2025-03-22 18:23:54', '2025-03-22 18:23:54', 1),
(59, 1, 77, '2025-03-22 18:23:54', '2025-03-22 18:23:54', 1),
(60, 1, 78, '2025-03-22 18:23:54', '2025-03-22 18:23:54', 1),
(61, 1, 79, '2025-03-22 18:23:54', '2025-03-22 18:23:54', 1),
(62, 1, 80, '2025-03-22 18:23:54', '2025-03-22 18:23:54', 1),
(63, 1, 81, '2025-03-22 18:23:54', '2025-03-22 18:23:54', 1),
(64, 1, 82, '2025-03-22 18:23:54', '2025-03-22 18:23:54', 1),
(65, 1, 83, '2025-03-22 18:23:54', '2025-03-22 18:23:54', 1),
(66, 1, 84, '2025-03-22 18:23:54', '2025-03-22 18:23:54', 1),
(67, 1, 85, '2025-03-22 18:23:54', '2025-03-22 18:23:54', 1),
(68, 1, 86, '2025-03-22 18:23:54', '2025-03-22 18:23:54', 1),
(69, 1, 87, '2025-03-22 18:23:54', '2025-03-22 18:23:54', 1),
(70, 1, 88, '2025-03-22 18:23:54', '2025-03-22 18:23:54', 1),
(71, 1, 89, '2025-03-22 18:23:54', '2025-03-22 18:23:54', 1),
(72, 1, 90, '2025-03-22 18:23:54', '2025-03-22 18:23:54', 1),
(73, 1, 91, '2025-03-22 18:23:54', '2025-03-22 18:23:54', 0),
(74, 1, 92, '2025-03-22 18:23:54', '2025-03-22 18:23:54', 0),
(75, 1, 93, '2025-03-22 18:23:54', '2025-03-22 18:23:54', 0),
(76, 1, 94, '2025-03-22 18:23:54', '2025-03-22 18:23:54', 0),
(77, 1, 95, '2025-03-22 18:23:54', '2025-03-22 18:23:54', 0),
(78, 1, 96, '2025-03-22 18:23:54', '2025-03-22 18:23:54', 0),
(79, 1, 97, '2025-03-22 18:23:54', '2025-03-22 18:23:54', 0),
(80, 1, 98, '2025-03-22 18:23:54', '2025-03-22 18:23:54', 0),
(81, 1, 99, '2025-03-22 18:23:54', '2025-03-22 18:23:54', 0),
(82, 1, 100, '2025-03-22 18:23:54', '2025-03-22 18:23:54', 0),
(83, 1, 101, '2025-03-22 18:23:54', '2025-03-22 18:23:54', 0),
(84, 1, 102, '2025-03-22 18:23:54', '2025-03-22 18:23:54', 0),
(85, 1, 103, '2025-03-22 18:23:54', '2025-03-22 18:23:54', 0),
(86, 1, 21, '2025-03-22 18:23:54', '2025-03-22 18:23:54', 0),
(87, 1, 22, '2025-03-22 18:23:54', '2025-03-22 18:23:54', 0),
(88, 1, 23, '2025-03-22 18:23:54', '2025-03-22 18:23:54', 0),
(89, 1, 24, '2025-03-22 18:23:54', '2025-03-22 18:23:54', 0),
(90, 1, 105, '2025-03-22 18:23:54', '2025-03-22 18:23:54', 0),
(91, 1, 106, '2025-03-22 18:23:54', '2025-03-22 18:23:54', 0),
(92, 1, 107, '2025-03-22 18:23:54', '2025-03-22 18:23:54', 0),
(93, 1, 108, '2025-03-22 18:23:54', '2025-03-22 18:23:54', 0),
(94, 1, 109, '2025-03-22 18:23:54', '2025-03-22 18:23:54', 0),
(95, 1, 110, '2025-03-22 18:23:54', '2025-03-22 18:23:54', 0),
(96, 1, 111, '2025-03-22 18:23:54', '2025-03-22 18:23:54', 0),
(97, 1, 112, '2025-03-22 18:23:54', '2025-03-22 18:23:54', 0),
(98, 1, 113, '2025-03-22 18:23:54', '2025-03-22 18:23:54', 0),
(99, 1, 114, '2025-03-22 18:23:54', '2025-03-22 18:23:54', 0),
(100, 1, 115, '2025-03-22 18:23:54', '2025-03-22 18:23:54', 0),
(101, 1, 116, '2025-03-22 18:23:54', '2025-03-22 18:23:54', 0);

-- --------------------------------------------------------

--
-- Table structure for table `road_points`
--

CREATE TABLE `road_points` (
  `id` bigint(20) UNSIGNED NOT NULL,
  `road_id` bigint(20) UNSIGNED NOT NULL,
  `latitude` decimal(10,7) NOT NULL,
  `longitude` decimal(10,7) NOT NULL,
  `created_at` timestamp NULL DEFAULT NULL,
  `updated_at` timestamp NULL DEFAULT NULL,
  `status` tinyint(1) NOT NULL DEFAULT 1
) ENGINE=InnoDB DEFAULT CHARSET=utf8mb4 COLLATE=utf8mb4_unicode_ci;

--
-- Dumping data for table `road_points`
--

INSERT INTO `road_points` (`id`, `road_id`, `latitude`, `longitude`, `created_at`, `updated_at`, `status`) VALUES
(9845, 1, 41.5471869, 60.6024903, '2025-03-17 15:05:57', '2025-03-17 15:05:57', 1),
(9846, 1, 41.5471187, 60.6051242, '2025-03-17 15:05:57', '2025-03-17 15:05:57', 1),
(9847, 1, 41.5470906, 60.6060255, '2025-03-17 15:05:57', '2025-03-17 15:05:57', 1),
(9848, 1, 41.5470665, 60.6078923, '2025-03-17 15:05:57', '2025-03-17 15:05:57', 1),
(9849, 1, 41.5491943, 60.6069696, '2025-03-17 15:05:57', '2025-03-17 15:05:57', 1),
(9850, 1, 41.5505352, 60.6063259, '2025-03-17 15:05:57', '2025-03-17 15:05:57', 1),
(9851, 1, 41.5536986, 60.6048453, '2025-03-17 15:05:57', '2025-03-17 15:05:57', 1),
(9852, 1, 41.5542084, 60.6046253, '2025-03-17 15:05:57', '2025-03-17 15:05:57', 1),
(9853, 1, 41.5545255, 60.6044805, '2025-03-17 15:05:57', '2025-03-17 15:05:57', 1),
(9854, 1, 41.5548226, 60.6044000, '2025-03-17 15:05:57', '2025-03-17 15:05:57', 1),
(9855, 1, 41.5553766, 60.6044000, '2025-03-17 15:05:57', '2025-03-17 15:05:57', 1),
(9856, 1, 41.5558623, 60.6044644, '2025-03-17 15:05:57', '2025-03-17 15:05:57', 1),
(9857, 1, 41.5566531, 60.6048077, '2025-03-17 15:05:57', '2025-03-17 15:05:57', 1),
(9858, 1, 41.5577329, 60.6052476, '2025-03-17 15:05:57', '2025-03-17 15:05:57', 1),
(9859, 1, 41.5589131, 60.6057519, '2025-03-17 15:05:57', '2025-03-17 15:05:57', 1),
(9860, 1, 41.5603059, 60.6064224, '2025-03-17 15:05:57', '2025-03-17 15:05:57', 1),
(9861, 1, 41.5607756, 60.6066477, '2025-03-17 15:05:57', '2025-03-17 15:05:57', 1),
(9862, 1, 41.5618392, 60.6027746, '2025-03-17 15:05:57', '2025-03-17 15:05:57', 1),
(9863, 1, 41.5635692, 60.6035310, '2025-03-17 15:05:57', '2025-03-17 15:05:57', 1),
(9864, 1, 41.5639023, 60.6038314, '2025-03-17 15:05:57', '2025-03-17 15:05:57', 1),
(9865, 1, 41.5656122, 60.6074202, '2025-03-17 15:05:57', '2025-03-17 15:05:57', 1),
(9866, 1, 41.5654918, 60.6075704, '2025-03-17 15:05:57', '2025-03-17 15:05:57', 1),
(9867, 1, 41.5645766, 60.6084555, '2025-03-17 15:05:57', '2025-03-17 15:05:57', 1),
(9868, 1, 41.5633484, 60.6097162, '2025-03-17 15:05:57', '2025-03-17 15:05:57', 1),
(9869, 1, 41.5630554, 60.6099951, '2025-03-17 15:05:57', '2025-03-17 15:05:57', 1),
(9870, 1, 41.5629270, 60.6101775, '2025-03-17 15:05:57', '2025-03-17 15:05:57', 1),
(9871, 1, 41.5625095, 60.6110144, '2025-03-17 15:05:57', '2025-03-17 15:05:57', 1),
(9872, 1, 41.5611007, 60.6145012, '2025-03-17 15:05:57', '2025-03-17 15:05:57', 1),
(9873, 1, 41.5651586, 60.6175321, '2025-03-17 15:05:57', '2025-03-17 15:05:57', 1),
(9874, 1, 41.5652991, 60.6176126, '2025-03-17 15:05:57', '2025-03-17 15:05:57', 1),
(9875, 1, 41.5651586, 60.6176662, '2025-03-17 15:05:57', '2025-03-17 15:05:57', 1),
(9876, 1, 41.5639706, 60.6201500, '2025-03-17 15:05:58', '2025-03-17 15:05:58', 1),
(9877, 1, 41.5618874, 60.6245273, '2025-03-17 15:05:58', '2025-03-17 15:05:58', 1),
(9878, 1, 41.5605106, 60.6232184, '2025-03-17 15:05:58', '2025-03-17 15:05:58', 1),
(9879, 1, 41.5583551, 60.6211478, '2025-03-17 15:05:58', '2025-03-17 15:05:58', 1),
(9880, 1, 41.5579938, 60.6208205, '2025-03-17 15:05:58', '2025-03-17 15:05:58', 1),
(9881, 1, 41.5575964, 60.6206489, '2025-03-17 15:05:58', '2025-03-17 15:05:58', 1),
(9882, 1, 41.5571629, 60.6205416, '2025-03-17 15:05:58', '2025-03-17 15:05:58', 1),
(9883, 1, 41.5566973, 60.6204021, '2025-03-17 15:05:58', '2025-03-17 15:05:58', 1),
(9884, 1, 41.5541081, 60.6195974, '2025-03-17 15:05:58', '2025-03-17 15:05:58', 1),
(9885, 1, 41.5528395, 60.6191146, '2025-03-17 15:05:58', '2025-03-17 15:05:58', 1),
(9886, 1, 41.5525906, 60.6189215, '2025-03-17 15:05:58', '2025-03-17 15:05:58', 1),
(9887, 1, 41.5515268, 60.6179452, '2025-03-17 15:05:58', '2025-03-17 15:05:58', 1),
(9888, 1, 41.5505793, 60.6170976, '2025-03-17 15:05:58', '2025-03-17 15:05:58', 1),
(9889, 1, 41.5503064, 60.6168562, '2025-03-17 15:05:58', '2025-03-17 15:05:58', 1),
(9890, 1, 41.5506315, 60.6206489, '2025-03-17 15:05:58', '2025-03-17 15:05:58', 1),
(9891, 1, 41.5512016, 60.6234705, '2025-03-17 15:05:58', '2025-03-17 15:05:58', 1),
(9892, 1, 41.5514666, 60.6249082, '2025-03-17 15:05:58', '2025-03-17 15:05:58', 1),
(9893, 1, 41.5514666, 60.6261528, '2025-03-17 15:05:58', '2025-03-17 15:05:58', 1),
(9894, 1, 41.5492344, 60.6261742, '2025-03-17 15:05:58', '2025-03-17 15:05:58', 1),
(9895, 1, 41.5489052, 60.6262815, '2025-03-17 15:05:58', '2025-03-17 15:05:58', 1),
(9896, 1, 41.5486001, 60.6265283, '2025-03-17 15:05:58', '2025-03-17 15:05:58', 1),
(9897, 1, 41.5479979, 60.6277943, '2025-03-17 15:05:58', '2025-03-17 15:05:58', 1),
(9898, 1, 41.5477089, 60.6283951, '2025-03-17 15:05:58', '2025-03-17 15:05:58', 1),
(9899, 1, 41.5476205, 60.6290281, '2025-03-17 15:05:58', '2025-03-17 15:05:58', 1),
(9900, 1, 41.5476366, 60.6314099, '2025-03-17 15:05:58', '2025-03-17 15:05:58', 1),
(9901, 1, 41.5476527, 60.6318176, '2025-03-17 15:05:58', '2025-03-17 15:05:58', 1),
(9902, 1, 41.5477731, 60.6352401, '2025-03-17 15:05:58', '2025-03-17 15:05:58', 1),
(9903, 1, 41.5478333, 60.6357014, '2025-03-17 15:05:58', '2025-03-17 15:05:58', 1),
(9904, 1, 41.5480220, 60.6361628, '2025-03-17 15:05:58', '2025-03-17 15:05:58', 1),
(9905, 1, 41.5482508, 60.6364739, '2025-03-17 15:05:58', '2025-03-17 15:05:58', 1),
(9906, 1, 41.5485238, 60.6366295, '2025-03-17 15:05:58', '2025-03-17 15:05:58', 1),
(9907, 1, 41.5496640, 60.6366080, '2025-03-17 15:05:58', '2025-03-17 15:05:58', 1),
(9908, 1, 41.5516994, 60.6365544, '2025-03-17 15:05:58', '2025-03-17 15:05:58', 1),
(9909, 1, 41.5519884, 60.6365544, '2025-03-17 15:05:58', '2025-03-17 15:05:58', 1),
(9910, 1, 41.5519523, 60.6341136, '2025-03-17 15:05:58', '2025-03-17 15:05:58', 1),
(9911, 1, 41.5519162, 60.6319892, '2025-03-17 15:05:58', '2025-03-17 15:05:58', 1),
(9912, 1, 41.5520727, 60.6318498, '2025-03-17 15:05:58', '2025-03-17 15:05:58', 1),
(9913, 1, 41.5522976, 60.6317264, '2025-03-17 15:05:58', '2025-03-17 15:05:58', 1),
(9914, 1, 41.5525705, 60.6316513, '2025-03-17 15:05:58', '2025-03-17 15:05:58', 1),
(9915, 1, 41.5531566, 60.6315762, '2025-03-17 15:05:58', '2025-03-17 15:05:58', 1),
(9916, 1, 41.5536625, 60.6314421, '2025-03-17 15:05:58', '2025-03-17 15:05:58', 1),
(9917, 1, 41.5550956, 60.6313831, '2025-03-17 15:05:58', '2025-03-17 15:05:58', 1),
(9918, 1, 41.5572592, 60.6313026, '2025-03-17 15:05:58', '2025-03-17 15:05:58', 1),
(9919, 1, 41.5572994, 60.6325364, '2025-03-17 15:05:58', '2025-03-17 15:05:58', 1),
(9920, 1, 41.5573275, 60.6329978, '2025-03-17 15:05:58', '2025-03-17 15:05:58', 1),
(9921, 1, 41.5589813, 60.6363183, '2025-03-17 15:05:58', '2025-03-17 15:05:58', 1),
(9922, 1, 41.5583631, 60.6368440, '2025-03-17 15:05:58', '2025-03-17 15:05:58', 1),
(9923, 1, 41.5571830, 60.6380188, '2025-03-17 15:05:58', '2025-03-17 15:05:58', 1),
(9924, 1, 41.5577731, 60.6392956, '2025-03-17 15:05:58', '2025-03-17 15:05:58', 1),
(9925, 1, 41.5583431, 60.6403685, '2025-03-17 15:05:58', '2025-03-17 15:05:58', 1),
(9926, 1, 41.5614098, 60.6464303, '2025-03-17 15:05:58', '2025-03-17 15:05:58', 1),
(9927, 1, 41.5629591, 60.6496006, '2025-03-17 15:05:58', '2025-03-17 15:05:58', 1),
(9928, 1, 41.5600892, 60.6523311, '2025-03-17 15:05:58', '2025-03-17 15:05:58', 1),
(9929, 1, 41.5594309, 60.6529212, '2025-03-17 15:05:58', '2025-03-17 15:05:58', 1),
(9930, 1, 41.5587565, 60.6535971, '2025-03-17 15:05:58', '2025-03-17 15:05:58', 1),
(9931, 1, 41.5586883, 60.6537902, '2025-03-17 15:05:58', '2025-03-17 15:05:58', 1),
(9932, 1, 41.5606872, 60.6578565, '2025-03-17 15:05:58', '2025-03-17 15:05:58', 1),
(9933, 1, 41.5527070, 60.6650716, '2025-03-17 15:05:58', '2025-03-17 15:05:58', 1),
(9934, 1, 41.5525465, 60.6650877, '2025-03-17 15:05:58', '2025-03-17 15:05:58', 1),
(9935, 1, 41.5524662, 60.6596911, '2025-03-17 15:05:58', '2025-03-17 15:05:58', 0),
(9936, 1, 41.5556415, 60.6568158, '2025-03-17 15:05:58', '2025-03-17 15:05:58', 0),
(9937, 1, 41.5583993, 60.6542730, '2025-03-17 15:05:58', '2025-03-17 15:05:58', 0),
(9938, 1, 41.5585678, 60.6539780, '2025-03-17 15:05:58', '2025-03-17 15:05:58', 0),
(9939, 1, 41.5587766, 60.6536561, '2025-03-17 15:05:58', '2025-03-17 15:05:58', 0),
(9940, 1, 41.5604785, 60.6519985, '2025-03-17 15:05:58', '2025-03-17 15:05:58', 0),
(9941, 1, 41.5630073, 60.6496006, '2025-03-17 15:05:58', '2025-03-17 15:05:58', 0),
(9942, 1, 41.5614499, 60.6464088, '2025-03-17 15:05:58', '2025-03-17 15:05:58', 0),
(9943, 1, 41.5585518, 60.6406206, '2025-03-17 15:05:58', '2025-03-17 15:05:58', 0),
(9944, 1, 41.5572311, 60.6380510, '2025-03-17 15:05:58', '2025-03-17 15:05:58', 0),
(9945, 1, 41.5583832, 60.6368923, '2025-03-17 15:05:58', '2025-03-17 15:05:58', 0),
(9946, 1, 41.5590214, 60.6363022, '2025-03-17 15:05:58', '2025-03-17 15:05:58', 0),
(9947, 1, 41.5573837, 60.6330031, '2025-03-17 15:05:58', '2025-03-17 15:05:58', 0),
(9948, 1, 41.5572873, 60.6311148, '2025-03-17 15:05:58', '2025-03-17 15:05:58', 0),
(9949, 1, 41.5543168, 60.6312275, '2025-03-17 15:05:58', '2025-03-17 15:05:58', 0),
(9950, 1, 41.5536625, 60.6312490, '2025-03-17 15:05:58', '2025-03-17 15:05:58', 0),
(9951, 1, 41.5530884, 60.6311256, '2025-03-17 15:05:58', '2025-03-17 15:05:58', 0),
(9952, 1, 41.5523859, 60.6311309, '2025-03-17 15:05:58', '2025-03-17 15:05:58', 0),
(9953, 1, 41.5521811, 60.6310505, '2025-03-17 15:05:58', '2025-03-17 15:05:58', 0),
(9954, 1, 41.5520326, 60.6309432, '2025-03-17 15:05:58', '2025-03-17 15:05:58', 0),
(9955, 1, 41.5518439, 60.6307232, '2025-03-17 15:05:58', '2025-03-17 15:05:58', 0),
(9956, 1, 41.5517516, 60.6261420, '2025-03-17 15:05:58', '2025-03-17 15:05:58', 0),
(9957, 1, 41.5517275, 60.6248224, '2025-03-17 15:05:58', '2025-03-17 15:05:58', 0),
(9958, 1, 41.5514465, 60.6233579, '2025-03-17 15:05:58', '2025-03-17 15:05:58', 0),
(9959, 1, 41.5508403, 60.6203860, '2025-03-17 15:05:58', '2025-03-17 15:05:58', 0),
(9960, 1, 41.5505994, 60.6177092, '2025-03-17 15:05:58', '2025-03-17 15:05:58', 0),
(9961, 1, 41.5506677, 60.6175804, '2025-03-17 15:05:58', '2025-03-17 15:05:58', 0),
(9962, 1, 41.5508042, 60.6175482, '2025-03-17 15:05:58', '2025-03-17 15:05:58', 0),
(9963, 1, 41.5512739, 60.6179398, '2025-03-17 15:05:58', '2025-03-17 15:05:58', 0),
(9964, 1, 41.5525143, 60.6190932, '2025-03-17 15:05:58', '2025-03-17 15:05:58', 0),
(9965, 1, 41.5528114, 60.6193346, '2025-03-17 15:05:58', '2025-03-17 15:05:58', 0),
(9966, 1, 41.5531526, 60.6194955, '2025-03-17 15:05:58', '2025-03-17 15:05:58', 0),
(9967, 1, 41.5534537, 60.6196350, '2025-03-17 15:05:58', '2025-03-17 15:05:58', 0),
(9968, 1, 41.5570626, 60.6207186, '2025-03-17 15:05:58', '2025-03-17 15:05:58', 0),
(9969, 1, 41.5574921, 60.6208205, '2025-03-17 15:05:58', '2025-03-17 15:05:58', 0),
(9970, 1, 41.5577570, 60.6209278, '2025-03-17 15:05:58', '2025-03-17 15:05:58', 0),
(9971, 1, 41.5580179, 60.6210351, '2025-03-17 15:05:58', '2025-03-17 15:05:58', 0),
(9972, 1, 41.5582628, 60.6212604, '2025-03-17 15:05:58', '2025-03-17 15:05:58', 0),
(9973, 1, 41.5602818, 60.6231809, '2025-03-17 15:05:58', '2025-03-17 15:05:58', 0),
(9974, 1, 41.5619797, 60.6248116, '2025-03-17 15:05:58', '2025-03-17 15:05:58', 0),
(9975, 1, 41.5641110, 60.6202734, '2025-03-17 15:05:58', '2025-03-17 15:05:58', 0),
(9976, 1, 41.5652309, 60.6178594, '2025-03-17 15:05:58', '2025-03-17 15:05:58', 0),
(9977, 1, 41.5654115, 60.6176126, '2025-03-17 15:05:58', '2025-03-17 15:05:58', 0),
(9978, 1, 41.5632521, 60.6160355, '2025-03-17 15:05:58', '2025-03-17 15:05:58', 0),
(9979, 1, 41.5611649, 60.6144798, '2025-03-17 15:05:58', '2025-03-17 15:05:58', 0),
(9980, 1, 41.5615543, 60.6136215, '2025-03-17 15:05:58', '2025-03-17 15:05:58', 0),
(9981, 1, 41.5625617, 60.6110466, '2025-03-17 15:05:58', '2025-03-17 15:05:58', 0),
(9982, 1, 41.5628868, 60.6103975, '2025-03-17 15:05:58', '2025-03-17 15:05:58', 0),
(9983, 1, 41.5631277, 60.6100649, '2025-03-17 15:05:58', '2025-03-17 15:05:58', 0),
(9984, 1, 41.5656965, 60.6074041, '2025-03-17 15:05:58', '2025-03-17 15:05:58', 0),
(9985, 1, 41.5639385, 60.6037778, '2025-03-17 15:05:58', '2025-03-17 15:05:58', 0),
(9986, 1, 41.5635893, 60.6034666, '2025-03-17 15:05:58', '2025-03-17 15:05:58', 0),
(9987, 1, 41.5617991, 60.6026620, '2025-03-17 15:05:58', '2025-03-17 15:05:58', 0),
(9988, 1, 41.5607675, 60.6063795, '2025-03-17 15:05:58', '2025-03-17 15:05:58', 0),
(9989, 1, 41.5589893, 60.6054783, '2025-03-17 15:05:58', '2025-03-17 15:05:58', 0),
(9990, 1, 41.5560991, 60.6043035, '2025-03-17 15:05:58', '2025-03-17 15:05:58', 0),
(9991, 1, 41.5552321, 60.6041425, '2025-03-17 15:05:58', '2025-03-17 15:05:58', 0),
(9992, 1, 41.5548587, 60.6041694, '2025-03-17 15:05:58', '2025-03-17 15:05:58', 0),
(9993, 1, 41.5545015, 60.6042820, '2025-03-17 15:05:58', '2025-03-17 15:05:58', 0),
(9994, 1, 41.5527672, 60.6050330, '2025-03-17 15:05:58', '2025-03-17 15:05:58', 0),
(9995, 1, 41.5505994, 60.6060845, '2025-03-17 15:05:58', '2025-03-17 15:05:58', 0),
(9996, 1, 41.5496078, 60.6065887, '2025-03-17 15:05:58', '2025-03-17 15:05:58', 0),
(9997, 1, 41.5494111, 60.6065565, '2025-03-17 15:05:58', '2025-03-17 15:05:58', 0),
(9998, 1, 41.5494191, 60.6067818, '2025-03-17 15:05:58', '2025-03-17 15:05:58', 0),
(9999, 1, 41.5491983, 60.6068677, '2025-03-17 15:05:58', '2025-03-17 15:05:58', 0),
(10000, 1, 41.5471267, 60.6077957, '2025-03-17 15:05:58', '2025-03-17 15:05:58', 0),
(10001, 1, 41.5472552, 60.6024688, '2025-03-17 15:05:58', '2025-03-17 15:05:58', 0),
(10002, 2, 41.5548908, 60.6221884, '2025-03-17 15:06:37', '2025-03-17 15:06:37', 1),
(10003, 2, 41.5550996, 60.6220973, '2025-03-17 15:06:37', '2025-03-17 15:06:37', 1),
(10004, 2, 41.5554890, 60.6228805, '2025-03-17 15:06:37', '2025-03-17 15:06:37', 1),
(10005, 2, 41.5570264, 60.6209117, '2025-03-17 15:06:37', '2025-03-17 15:06:37', 1),
(10006, 2, 41.5570987, 60.6207401, '2025-03-17 15:06:37', '2025-03-17 15:06:37', 1),
(10007, 2, 41.5577008, 60.6208903, '2025-03-17 15:06:37', '2025-03-17 15:06:37', 1),
(10008, 2, 41.5582507, 60.6212872, '2025-03-17 15:06:37', '2025-03-17 15:06:37', 1),
(10009, 2, 41.5602618, 60.6231701, '2025-03-17 15:06:37', '2025-03-17 15:06:37', 1),
(10010, 2, 41.5618513, 60.6247205, '2025-03-17 15:06:37', '2025-03-17 15:06:37', 1),
(10011, 2, 41.5619757, 60.6248438, '2025-03-17 15:06:37', '2025-03-17 15:06:37', 1),
(10012, 2, 41.5652991, 60.6279713, '2025-03-17 15:06:37', '2025-03-17 15:06:37', 1),
(10013, 2, 41.5657647, 60.6268823, '2025-03-17 15:06:37', '2025-03-17 15:06:37', 1),
(10014, 2, 41.5686384, 60.6201446, '2025-03-17 15:06:37', '2025-03-17 15:06:37', 1),
(10015, 2, 41.5655239, 60.6177467, '2025-03-17 15:06:37', '2025-03-17 15:06:37', 1),
(10016, 2, 41.5654436, 60.6176394, '2025-03-17 15:06:37', '2025-03-17 15:06:37', 1),
(10017, 2, 41.5676872, 60.6156331, '2025-03-17 15:06:37', '2025-03-17 15:06:37', 1),
(10018, 2, 41.5688631, 60.6145602, '2025-03-17 15:06:37', '2025-03-17 15:06:37', 1),
(10019, 2, 41.5699066, 60.6136054, '2025-03-17 15:06:37', '2025-03-17 15:06:37', 1),
(10020, 2, 41.5719654, 60.6117225, '2025-03-17 15:06:37', '2025-03-17 15:06:37', 1),
(10021, 2, 41.5741205, 60.6097537, '2025-03-17 15:06:37', '2025-03-17 15:06:37', 1),
(10022, 2, 41.5762073, 60.6081283, '2025-03-17 15:06:37', '2025-03-17 15:06:37', 1),
(10023, 2, 41.5775998, 60.6070769, '2025-03-17 15:06:37', '2025-03-17 15:06:37', 1),
(10024, 2, 41.5782017, 60.6067121, '2025-03-17 15:06:37', '2025-03-17 15:06:37', 1),
(10025, 2, 41.5783903, 60.6065565, '2025-03-17 15:06:37', '2025-03-17 15:06:37', 1),
(10026, 2, 41.5799393, 60.6056499, '2025-03-17 15:06:37', '2025-03-17 15:06:37', 1),
(10027, 2, 41.5822185, 60.6043571, '2025-03-17 15:06:37', '2025-03-17 15:06:37', 1),
(10028, 2, 41.5851596, 60.6026566, '2025-03-17 15:06:37', '2025-03-17 15:06:37', 1),
(10029, 2, 41.5876794, 60.6011921, '2025-03-17 15:06:37', '2025-03-17 15:06:37', 1),
(10030, 2, 41.5896494, 60.6000549, '2025-03-17 15:06:37', '2025-03-17 15:06:37', 1),
(10031, 2, 41.5859581, 60.5902541, '2025-03-17 15:06:37', '2025-03-17 15:06:37', 1),
(10032, 2, 41.5849871, 60.5841655, '2025-03-17 15:06:37', '2025-03-17 15:06:37', 1),
(10033, 2, 41.5844856, 60.5807483, '2025-03-17 15:06:37', '2025-03-17 15:06:37', 1),
(10034, 2, 41.5841204, 60.5782378, '2025-03-17 15:06:37', '2025-03-17 15:06:37', 0),
(10035, 2, 41.5847143, 60.5780125, '2025-03-17 15:06:37', '2025-03-17 15:06:37', 0),
(10036, 2, 41.5849390, 60.5780768, '2025-03-17 15:06:37', '2025-03-17 15:06:37', 0),
(10037, 2, 41.5856291, 60.5783129, '2025-03-17 15:06:37', '2025-03-17 15:06:37', 0),
(10038, 2, 41.5862350, 60.5785060, '2025-03-17 15:06:37', '2025-03-17 15:06:37', 0),
(10039, 2, 41.5868529, 60.5787474, '2025-03-17 15:06:38', '2025-03-17 15:06:38', 0),
(10040, 2, 41.5884497, 60.5792838, '2025-03-17 15:06:38', '2025-03-17 15:06:38', 0),
(10041, 2, 41.5873063, 60.5849326, '2025-03-17 15:06:38', '2025-03-17 15:06:38', 0),
(10042, 2, 41.5864075, 60.5891812, '2025-03-17 15:06:38', '2025-03-17 15:06:38', 0),
(10043, 2, 41.5861427, 60.5900073, '2025-03-17 15:06:38', '2025-03-17 15:06:38', 0),
(10044, 2, 41.5845217, 60.5914342, '2025-03-17 15:06:38', '2025-03-17 15:06:38', 0),
(10045, 2, 41.5839198, 60.5922496, '2025-03-17 15:06:38', '2025-03-17 15:06:38', 0),
(10046, 2, 41.5824833, 60.5951786, '2025-03-17 15:06:38', '2025-03-17 15:06:38', 0),
(10047, 2, 41.5850794, 60.6026298, '2025-03-17 15:06:38', '2025-03-17 15:06:38', 0),
(10048, 2, 41.5820861, 60.6043464, '2025-03-17 15:06:38', '2025-03-17 15:06:38', 0),
(10049, 2, 41.5785870, 60.6063527, '2025-03-17 15:06:38', '2025-03-17 15:06:38', 0),
(10050, 2, 41.5781134, 60.6066853, '2025-03-17 15:06:38', '2025-03-17 15:06:38', 0),
(10051, 2, 41.5775557, 60.6070125, '2025-03-17 15:06:38', '2025-03-17 15:06:38', 0),
(10052, 2, 41.5765083, 60.6078279, '2025-03-17 15:06:38', '2025-03-17 15:06:38', 0),
(10053, 2, 41.5751278, 60.6088901, '2025-03-17 15:06:38', '2025-03-17 15:06:38', 0),
(10054, 2, 41.5742449, 60.6095767, '2025-03-17 15:06:38', '2025-03-17 15:06:38', 0),
(10055, 2, 41.5720216, 60.6115615, '2025-03-17 15:06:38', '2025-03-17 15:06:38', 0),
(10056, 2, 41.5692083, 60.6141418, '2025-03-17 15:06:38', '2025-03-17 15:06:38', 0),
(10057, 2, 41.5654275, 60.6175590, '2025-03-17 15:06:38', '2025-03-17 15:06:38', 0),
(10058, 2, 41.5653392, 60.6176287, '2025-03-17 15:06:38', '2025-03-17 15:06:38', 0),
(10059, 2, 41.5654356, 60.6177682, '2025-03-17 15:06:38', '2025-03-17 15:06:38', 0),
(10060, 2, 41.5668765, 60.6188947, '2025-03-17 15:06:38', '2025-03-17 15:06:38', 0),
(10061, 2, 41.5685661, 60.6201714, '2025-03-17 15:06:38', '2025-03-17 15:06:38', 0),
(10062, 2, 41.5674303, 60.6228107, '2025-03-17 15:06:38', '2025-03-17 15:06:38', 0),
(10063, 2, 41.5653031, 60.6277943, '2025-03-17 15:06:38', '2025-03-17 15:06:38', 0),
(10064, 2, 41.5620480, 60.6246883, '2025-03-17 15:06:38', '2025-03-17 15:06:38', 0),
(10065, 2, 41.5618994, 60.6245488, '2025-03-17 15:06:38', '2025-03-17 15:06:38', 0),
(10066, 2, 41.5583150, 60.6211102, '2025-03-17 15:06:38', '2025-03-17 15:06:38', 0),
(10067, 2, 41.5580540, 60.6209010, '2025-03-17 15:06:38', '2025-03-17 15:06:38', 0),
(10068, 2, 41.5578012, 60.6207508, '2025-03-17 15:06:38', '2025-03-17 15:06:38', 0),
(10069, 2, 41.5575964, 60.6206650, '2025-03-17 15:06:38', '2025-03-17 15:06:38', 0),
(10070, 2, 41.5571147, 60.6205630, '2025-03-17 15:06:38', '2025-03-17 15:06:38', 0),
(10071, 2, 41.5570345, 60.6207776, '2025-03-17 15:06:38', '2025-03-17 15:06:38', 0),
(10072, 2, 41.5563159, 60.6217432, '2025-03-17 15:06:38', '2025-03-17 15:06:38', 0),
(10073, 2, 41.5554809, 60.6228000, '2025-03-17 15:06:38', '2025-03-17 15:06:38', 0),
(10074, 2, 41.5550916, 60.6220222, '2025-03-17 15:06:38', '2025-03-17 15:06:38', 0),
(10075, 2, 41.5549069, 60.6221294, '2025-03-17 15:06:38', '2025-03-17 15:06:38', 0);

-- --------------------------------------------------------

--
-- Table structure for table `sessions`
--

CREATE TABLE `sessions` (
  `id` varchar(255) NOT NULL,
  `user_id` bigint(20) UNSIGNED DEFAULT NULL,
  `ip_address` varchar(45) DEFAULT NULL,
  `user_agent` text DEFAULT NULL,
  `payload` longtext NOT NULL,
  `last_activity` int(11) NOT NULL
) ENGINE=InnoDB DEFAULT CHARSET=utf8mb4 COLLATE=utf8mb4_unicode_ci;

--
-- Dumping data for table `sessions`
--

INSERT INTO `sessions` (`id`, `user_id`, `ip_address`, `user_agent`, `payload`, `last_activity`) VALUES
('cPzGm8BtqE2Jjz5srGtOfR9lUFP8rbEyssChuPkS', NULL, '127.0.0.1', 'Mozilla/5.0 (Windows NT 10.0; Win64; x64) AppleWebKit/537.36 (KHTML, like Gecko) Chrome/134.0.0.0 Safari/537.36', 'YTozOntzOjY6Il90b2tlbiI7czo0MDoicHJyR0doRVFsQkR3WFVjWmdUQmFVVHJpR2tOMjdYTGNCZmFIRjVObSI7czo5OiJfcHJldmlvdXMiO2E6MTp7czozOiJ1cmwiO3M6NTQ6Imh0dHA6Ly8wMmE5LTE5NS0xNTgtOC00My5uZ3Jvay1mcmVlLmFwcC9hcGkvd2FpdD9pZD01MSI7fXM6NjoiX2ZsYXNoIjthOjI6e3M6Mzoib2xkIjthOjA6e31zOjM6Im5ldyI7YTowOnt9fX0=', 1742884161),
('DlApLseRT155CiUb21PZA5YMab1YYqxxsmJtKuHE', NULL, '127.0.0.1', 'Mozilla/5.0 (Windows NT 10.0; Win64; x64) AppleWebKit/537.36 (KHTML, like Gecko) Chrome/134.0.0.0 Safari/537.36', 'YTozOntzOjY6Il90b2tlbiI7czo0MDoiRnl0ejk4WTlzVUpVNXUxNEFxQ1pCcHpQMGh4elp6NnpNQzJzT0hRZyI7czo5OiJfcHJldmlvdXMiO2E6MTp7czozOiJ1cmwiO3M6MzE6Imh0dHA6Ly8xMjcuMC4wLjE6ODAwMS9hbGwtYnVzZXMiO31zOjY6Il9mbGFzaCI7YToyOntzOjM6Im9sZCI7YTowOnt9czozOiJuZXciO2E6MDp7fX19', 1742884172);

-- --------------------------------------------------------

--
-- Table structure for table `users`
--

CREATE TABLE `users` (
  `id` bigint(20) UNSIGNED NOT NULL,
  `name` varchar(255) NOT NULL,
  `email` varchar(255) NOT NULL,
  `email_verified_at` timestamp NULL DEFAULT NULL,
  `password` varchar(255) NOT NULL,
  `remember_token` varchar(100) DEFAULT NULL,
  `created_at` timestamp NULL DEFAULT NULL,
  `updated_at` timestamp NULL DEFAULT NULL
) ENGINE=InnoDB DEFAULT CHARSET=utf8mb4 COLLATE=utf8mb4_unicode_ci;

--
-- Dumping data for table `users`
--

INSERT INTO `users` (`id`, `name`, `email`, `email_verified_at`, `password`, `remember_token`, `created_at`, `updated_at`) VALUES
(1, 'Test User', 'test@example.com', '2025-03-17 02:46:15', '$2y$12$37B9Ao4964upZlpdyb.nTePViqy8lND2GDIkCEQxGk4Klnwfz8p0i', 'N32twFPYjl', '2025-03-17 02:46:15', '2025-03-17 02:46:15');

--
-- Indexes for dumped tables
--

--
-- Indexes for table `buses`
--
ALTER TABLE `buses`
  ADD PRIMARY KEY (`id`),
  ADD UNIQUE KEY `buses_bus_wialon_id_unique` (`bus_wialon_id`),
  ADD UNIQUE KEY `buses_bus_number_unique` (`bus_number`);

--
-- Indexes for table `buses_roads`
--
ALTER TABLE `buses_roads`
  ADD PRIMARY KEY (`id`),
  ADD KEY `buses_roads_bus_id_foreign` (`bus_id`),
  ADD KEY `buses_roads_road_id_foreign` (`road_id`);

--
-- Indexes for table `bus_points_histories`
--
ALTER TABLE `bus_points_histories`
  ADD PRIMARY KEY (`id`),
  ADD KEY `bus_points_histories_bus_id_foreign` (`bus_id`);

--
-- Indexes for table `bus_stops`
--
ALTER TABLE `bus_stops`
  ADD PRIMARY KEY (`id`);

--
-- Indexes for table `cache`
--
ALTER TABLE `cache`
  ADD PRIMARY KEY (`key`);

--
-- Indexes for table `cache_locks`
--
ALTER TABLE `cache_locks`
  ADD PRIMARY KEY (`key`);

--
-- Indexes for table `failed_jobs`
--
ALTER TABLE `failed_jobs`
  ADD PRIMARY KEY (`id`),
  ADD UNIQUE KEY `failed_jobs_uuid_unique` (`uuid`);

--
-- Indexes for table `jobs`
--
ALTER TABLE `jobs`
  ADD PRIMARY KEY (`id`),
  ADD KEY `jobs_queue_index` (`queue`);

--
-- Indexes for table `job_batches`
--
ALTER TABLE `job_batches`
  ADD PRIMARY KEY (`id`);

--
-- Indexes for table `migrations`
--
ALTER TABLE `migrations`
  ADD PRIMARY KEY (`id`);

--
-- Indexes for table `password_reset_tokens`
--
ALTER TABLE `password_reset_tokens`
  ADD PRIMARY KEY (`email`);

--
-- Indexes for table `roads`
--
ALTER TABLE `roads`
  ADD PRIMARY KEY (`id`),
  ADD UNIQUE KEY `roads_road_number_unique` (`road_number`);

--
-- Indexes for table `road_busstops`
--
ALTER TABLE `road_busstops`
  ADD PRIMARY KEY (`id`),
  ADD KEY `road_busstops_road_id_foreign` (`road_id`),
  ADD KEY `road_busstops_bus_stop_id_foreign` (`bus_stop_id`);

--
-- Indexes for table `road_points`
--
ALTER TABLE `road_points`
  ADD PRIMARY KEY (`id`),
  ADD KEY `road_points_road_id_foreign` (`road_id`);

--
-- Indexes for table `sessions`
--
ALTER TABLE `sessions`
  ADD PRIMARY KEY (`id`),
  ADD KEY `sessions_user_id_index` (`user_id`),
  ADD KEY `sessions_last_activity_index` (`last_activity`);

--
-- Indexes for table `users`
--
ALTER TABLE `users`
  ADD PRIMARY KEY (`id`),
  ADD UNIQUE KEY `users_email_unique` (`email`);

--
-- AUTO_INCREMENT for dumped tables
--

--
-- AUTO_INCREMENT for table `buses`
--
ALTER TABLE `buses`
  MODIFY `id` bigint(20) UNSIGNED NOT NULL AUTO_INCREMENT, AUTO_INCREMENT=51;

--
-- AUTO_INCREMENT for table `buses_roads`
--
ALTER TABLE `buses_roads`
  MODIFY `id` bigint(20) UNSIGNED NOT NULL AUTO_INCREMENT, AUTO_INCREMENT=26;

--
-- AUTO_INCREMENT for table `bus_points_histories`
--
ALTER TABLE `bus_points_histories`
  MODIFY `id` bigint(20) UNSIGNED NOT NULL AUTO_INCREMENT, AUTO_INCREMENT=1675;

--
-- AUTO_INCREMENT for table `bus_stops`
--
ALTER TABLE `bus_stops`
  MODIFY `id` bigint(20) UNSIGNED NOT NULL AUTO_INCREMENT, AUTO_INCREMENT=118;

--
-- AUTO_INCREMENT for table `failed_jobs`
--
ALTER TABLE `failed_jobs`
  MODIFY `id` bigint(20) UNSIGNED NOT NULL AUTO_INCREMENT;

--
-- AUTO_INCREMENT for table `jobs`
--
ALTER TABLE `jobs`
  MODIFY `id` bigint(20) UNSIGNED NOT NULL AUTO_INCREMENT;

--
-- AUTO_INCREMENT for table `migrations`
--
ALTER TABLE `migrations`
  MODIFY `id` int(10) UNSIGNED NOT NULL AUTO_INCREMENT, AUTO_INCREMENT=16;

--
-- AUTO_INCREMENT for table `roads`
--
ALTER TABLE `roads`
  MODIFY `id` bigint(20) UNSIGNED NOT NULL AUTO_INCREMENT, AUTO_INCREMENT=3;

--
-- AUTO_INCREMENT for table `road_busstops`
--
ALTER TABLE `road_busstops`
  MODIFY `id` bigint(20) UNSIGNED NOT NULL AUTO_INCREMENT, AUTO_INCREMENT=102;

--
-- AUTO_INCREMENT for table `road_points`
--
ALTER TABLE `road_points`
  MODIFY `id` bigint(20) UNSIGNED NOT NULL AUTO_INCREMENT, AUTO_INCREMENT=10076;

--
-- AUTO_INCREMENT for table `users`
--
ALTER TABLE `users`
  MODIFY `id` bigint(20) UNSIGNED NOT NULL AUTO_INCREMENT, AUTO_INCREMENT=2;

--
-- Constraints for dumped tables
--

--
-- Constraints for table `buses_roads`
--
ALTER TABLE `buses_roads`
  ADD CONSTRAINT `buses_roads_bus_id_foreign` FOREIGN KEY (`bus_id`) REFERENCES `buses` (`id`) ON DELETE CASCADE,
  ADD CONSTRAINT `buses_roads_road_id_foreign` FOREIGN KEY (`road_id`) REFERENCES `roads` (`id`) ON DELETE CASCADE;

--
-- Constraints for table `bus_points_histories`
--
ALTER TABLE `bus_points_histories`
  ADD CONSTRAINT `bus_points_histories_bus_id_foreign` FOREIGN KEY (`bus_id`) REFERENCES `buses` (`id`) ON DELETE CASCADE;

--
-- Constraints for table `road_busstops`
--
ALTER TABLE `road_busstops`
  ADD CONSTRAINT `road_busstops_bus_stop_id_foreign` FOREIGN KEY (`bus_stop_id`) REFERENCES `bus_stops` (`id`) ON DELETE CASCADE,
  ADD CONSTRAINT `road_busstops_road_id_foreign` FOREIGN KEY (`road_id`) REFERENCES `roads` (`id`) ON DELETE CASCADE;

--
-- Constraints for table `road_points`
--
ALTER TABLE `road_points`
  ADD CONSTRAINT `road_points_road_id_foreign` FOREIGN KEY (`road_id`) REFERENCES `roads` (`id`) ON DELETE CASCADE;
COMMIT;

/*!40101 SET CHARACTER_SET_CLIENT=@OLD_CHARACTER_SET_CLIENT */;
/*!40101 SET CHARACTER_SET_RESULTS=@OLD_CHARACTER_SET_RESULTS */;
/*!40101 SET COLLATION_CONNECTION=@OLD_COLLATION_CONNECTION */;
